country,countryCode
Afghanistan,AFG
Albania,ALB
Algeria,DZA
Andorra,AND
Angola,AGO
Anguilla,AIA
Antigua_and_Barbuda,ATG
Argentina,ARG
Armenia,ARM
Aruba,ABW
Australia,AUS
Austria,AUT
Azerbaijan,AZE
Bahamas,BHS
Bahrain,BHR
Bangladesh,BGD
Barbados,BRB
Belarus,BLR
Belgium,BEL
Belize,BLZ
Benin,BEN
Bermuda,BMU
Bhutan,BTN
Bolivia,BOL
"Bonaire, Saint Eustatius and Saba",BES
Bosnia_and_Herzegovina,BIH
Botswana,BWA
Brazil,BRA
British_Virgin_Islands,VGB
Brunei_Darussalam,BRN
Bulgaria,BGR
Burkina_Faso,BFA
Burundi,BDI
Cambodia,KHM
Cameroon,CMR
Canada,CAN
Cape_Verde,CPV
Cases_on_an_international_conveyance_Japan,
Cayman_Islands,CYM
Central_African_Republic,CAF
Chad,TCD
Chile,CHL
China,CHN
Colombia,COL
Comoros,COM
Congo,COG
Costa_Rica,CRI
Cote_dIvoire,CIV
Croatia,HRV
Cuba,CUB
CuraÃ§ao,CUW
Cyprus,CYP
Czechia,CZE
Democratic_Republic_of_the_Congo,COD
Denmark,DNK
Djibouti,DJI
Dominica,DMA
Dominican_Republic,DOM
Ecuador,ECU
Egypt,EGY
El_Salvador,SLV
Equatorial_Guinea,GNQ
Eritrea,ERI
Estonia,EST
Eswatini,SWZ
Ethiopia,ETH
Falkland_Islands_(Malvinas),FLK
Faroe_Islands,FRO
Fiji,FJI
Finland,FIN
France,FRA
French_Polynesia,PYF
Gabon,GAB
Gambia,GMB
Georgia,GEO
Germany,DEU
Ghana,GHA
Gibraltar,GIB
Greece,GRC
Greenland,GRL
Grenada,GRD
Guam,GUM
Guatemala,GTM
Guernsey,GGY
Guinea,GIN
Guinea_Bissau,GNB
Guyana,GUY
Haiti,HTI
Holy_See,VAT
Honduras,HND
Hungary,HUN
Iceland,ISL
India,IND
Indonesia,IDN
Iran,IRN
Iraq,IRQ
Ireland,IRL
Isle_of_Man,IMN
Israel,ISR
Italy,ITA
Jamaica,JAM
Japan,JPN
Jersey,JEY
Jordan,JOR
Kazakhstan,KAZ
Kenya,KEN
Kosovo,XKX
Kuwait,KWT
Kyrgyzstan,KGZ
Laos,LAO
Latvia,LVA
Lebanon,LBN
Lesotho,LSO
Liberia,LBR
Libya,LBY
Liechtenstein,LIE
Lithuania,LTU
Luxembourg,LUX
Madagascar,MDG
Malawi,MWI
Malaysia,MYS
Maldives,MDV
Mali,MLI
Malta,MLT
Marshall_Islands,MHL
Mauritania,MRT
Mauritius,MUS
Mexico,MEX
Micronesia_(Federated_States_of),FSM
Moldova,MDA
Monaco,MCO
Mongolia,MNG
Montenegro,MNE
Montserrat,MSF
Morocco,MAR
Mozambique,MOZ
Myanmar,MMR
Namibia,NAM
Nepal,NPL
Netherlands,NLD
New_Caledonia,NCL
New_Zealand,NZL
Nicaragua,NIC
Niger,NER
Nigeria,NGA
North_Macedonia,MKD
Northern_Mariana_Islands,MNP
Norway,NOR
Oman,OMN
Pakistan,PAK
Palestine,PSE
Panama,PAN
Papua_New_Guinea,PNG
Paraguay,PRY
Peru,PER
Philippines,PHL
Poland,POL
Portugal,PRT
Puerto_Rico,PRI
Qatar,QAT
Romania,ROU
Russia,RUS
Rwanda,RWA
Saint_Kitts_and_Nevis,KNA
Saint_Lucia,LCA
Saint_Vincent_and_the_Grenadines,VCT
San_Marino,SMR
Sao_Tome_and_Principe,STP
Saudi_Arabia,SAU
Senegal,SEN
Serbia,SRB
Seychelles,SYC
Sierra_Leone,SLE
Singapore,SGP
Sint_Maarten,SXM
Slovakia,SVK
Slovenia,SVN
Solomon_Islands,SLB
Somalia,SOM
South_Africa,ZAF
South_Korea,KOR
South_Sudan,SSD
Spain,ESP
Sri_Lanka,LKA
Sudan,SDN
Suriname,SUR
Sweden,SWE
Switzerland,CHE
Syria,SYR
Taiwan,CNG1925
Tajikistan,TJK
Thailand,THA
Timor_Leste,TLS
Togo,TGO
Trinidad_and_Tobago,TTO
Tunisia,TUN
Turkey,TUR
Turks_and_Caicos_islands,TCA
Uganda,UGA
Ukraine,UKR
United_Arab_Emirates,ARE
United_Kingdom,GBR
United_Republic_of_Tanzania,TZA
United_States_of_America,USA
United_States_Virgin_Islands,VIR
Uruguay,URY
Uzbekistan,UZB
Vanuatu,VUT
Venezuela,VEN
Vietnam,VNM
Wallis_and_Futuna,
Western_Sahara,ESH
Yemen,YEM
Zambia,ZMB
Zimbabwe,ZWE
